{"accuracy": [0.040449436753988266, 0.06067415699362755, 0.10240770131349564, 0.15184590220451355, 0.219582661986351, 0.30754414200782776, 0.4089887738227844, 0.4940609931945801, 0.5621187686920166, 0.6590690016746521, 0.7287319302558899, 0.7634028792381287, 0.7996789813041687, 0.8295345306396484, 0.8568218350410461, 0.8857142925262451, 0.8844301700592041, 0.903691828250885, 0.9104334115982056, 0.9056179523468018, 0.907223105430603, 0.9255216717720032, 0.934831440448761, 0.9354735016822815, 0.9316211938858032, 0.9322632551193237, 0.9438202381134033, 0.9447833299636841, 0.9537720680236816, 0.9499197602272034, 0.9418940544128418, 0.930016040802002], "loss": [7.7848124504089355, 3.4655537605285645, 3.2512879371643066, 3.017261505126953, 2.728238821029663, 2.4045894145965576, 2.068098306655884, 1.748749017715454, 1.4515358209609985, 1.1717479228973389, 0.9502449035644531, 0.7924118041992188, 0.680679440498352, 0.5722070336341858, 0.5224667191505432, 0.40843579173088074, 0.4032300114631653, 0.3221947252750397, 0.30133146047592163, 0.34273260831832886, 0.31918442249298096, 0.25171300768852234, 0.23333589732646942, 0.22563476860523224, 0.23789840936660767, 0.24327601492404938, 0.19695106148719788, 0.19707103073596954, 0.14924858510494232, 0.18415145576000214, 0.19627881050109863, 0.241168811917305], "val_accuracy": [0.04273504391312599, 0.17378917336463928, 0.20797720551490784, 0.48148149251937866, 0.5555555820465088, 0.7293447256088257, 0.8404558300971985, 0.8689458966255188, 0.9230769276618958, 0.9373219609260559, 0.9259259104728699, 0.9430199265480042, 0.9515669345855713, 0.9515669345855713, 0.9515669345855713, 0.9515669345855713, 0.9601139426231384, 0.9658119678497314, 0.9430199265480042, 0.934472918510437, 0.9572649598121643, 0.9572649598121643, 0.9601139426231384, 0.9544159770011902, 0.9629629850387573, 0.9572649598121643, 0.9544159770011902, 0.9544159770011902, 0.9572649598121643, 0.9572649598121643, 0.9658119678497314, 0.9572649598121643], "val_loss": [3.5230915546417236, 3.168095111846924, 2.995309829711914, 2.294795513153076, 1.8201935291290283, 1.3462903499603271, 0.9162613153457642, 0.7705327868461609, 0.5227004289627075, 0.43283611536026, 0.3273537755012512, 0.3188856840133667, 0.32220759987831116, 0.2852988541126251, 0.27164211869239807, 0.25101515650749207, 0.18932607769966125, 0.20325300097465515, 0.28814250230789185, 0.4081718325614929, 0.27657169103622437, 0.20210474729537964, 0.2333448976278305, 0.4011394679546356, 0.2047586292028427, 0.31044235825538635, 0.2980289161205292, 0.35822704434394836, 0.2187291383743286, 0.3284416198730469, 0.1740007996559143, 0.2570126950740814]}